{
  "hypertension": 0.43959060311317444,
  "heart_disease": 0.2940720319747925,
  "diabetes": 0.1176864355802536,
  "respiratory_condition": 0.06841399520635605,
  "spo2_median": 0.035763293504714966,
  "smoker": 0.028816135600209236,
  "hr_median": 0.015133513137698174,
  "age": 0.000523978378623724
}