{
  "feature_names": [
    "avg_ear",
    "blink_detected",
    "blink_frequency",
    "eye_closure",
    "face_detected",
    "head_pitch",
    "head_roll",
    "head_yaw",
    "left_ear",
    "mar",
    "nod_detected",
    "nod_frequency",
    "right_ear",
    "yawn_indicator"
  ],
  "feature_count": 14,
  "sample_count": 9852,
  "class_distribution": {
    "alert": 4861,
    "drowsy": 4991
  },
  "feature_statistics": {
    "avg_ear": {
      "mean": 0.20572517812252045,
      "std": 0.08588448166847229,
      "min": 0.0,
      "max": 1.5462003946304321
    },
    "blink_detected": {
      "mean": 0.5428339242935181,
      "std": 0.4981618821620941,
      "min": 0.0,
      "max": 1.0
    },
    "blink_frequency": {
      "mean": 0.0,
      "std": 0.0,
      "min": 0.0,
      "max": 0.0
    },
    "eye_closure": {
      "mean": 0.7759470343589783,
      "std": 0.16042008996009827,
      "min": 0.20000000298023224,
      "max": 1.0
    },
    "face_detected": {
      "mean": 1.0,
      "std": 0.0,
      "min": 1.0,
      "max": 1.0
    },
    "head_pitch": {
      "mean": 57.417320251464844,
      "std": 11.301149368286133,
      "min": -9.462322235107422,
      "max": 90.0
    },
    "head_roll": {
      "mean": -4.202596664428711,
      "std": 4.420980453491211,
      "min": -29.35775375366211,
      "max": 33.690067291259766
    },
    "head_yaw": {
      "mean": -13.500469207763672,
      "std": 5.183045387268066,
      "min": -46.67919921875,
      "max": 22.948936462402344
    },
    "left_ear": {
      "mean": 0.2350083738565445,
      "std": 0.103896364569664,
      "min": 0.0,
      "max": 2.7202939987182617
    },
    "mar": {
      "mean": 0.8318887948989868,
      "std": 0.11931394040584564,
      "min": 0.2913939952850342,
      "max": 3.449021339416504
    },
    "nod_detected": {
      "mean": 0.2948639988899231,
      "std": 0.45598161220550537,
      "min": 0.0,
      "max": 1.0
    },
    "nod_frequency": {
      "mean": 88.91338348388672,
      "std": 9.121087074279785,
      "min": 0.0,
      "max": 103.3232650756836
    },
    "right_ear": {
      "mean": 0.17645323276519775,
      "std": 0.07603558897972107,
      "min": 0.0,
      "max": 0.6437328457832336
    },
    "yawn_indicator": {
      "mean": 0.99959397315979,
      "std": 0.02014557458460331,
      "min": 0.0,
      "max": 1.0
    }
  }
}